Seq_ID,Seq,DB_ID,Target Species,Activity Measure,Activity,Unit,pH,Ionic Strength mM,Salt Type,Medium,CFU,Note,Gram
1,KNLRRIIRKIIHIIKKYG,DBAASPR_1074,Aspergillus fumigatus,MIC,10.0±5.0,µg/ml,,,,MHB,1E5,,"Gram+, Gram-, Cancer, Fungus, Mammalian Cell"
1,KNLRRIIRKIIHIIKKYG,DBAASPR_1074,Aspergillus fumigatus,MBC,20.0±0.0,µg/ml,,,,MHB,1E5,,"Gram+, Gram-, Cancer, Fungus, Mammalian Cell"
2,LRRIIRKIIHIIKK,DBAASPR_1075,Aspergillus fumigatus,MIC,6.7±1.7,µg/ml,,,,MHB,1E5,,"Gram-, Fungus"
2,LRRIIRKIIHIIKK,DBAASPR_1075,Aspergillus fumigatus,MBC,10.0±0.0,µg/ml,,,,MHB,1E5,,"Gram-, Fungus"
3,IRRIIRKIIHIIKK,DBAASPR_1076,Aspergillus fumigatus,MIC,10.0±0.0,µg/ml,,,,MHB,1E5,,"Gram-, Fungus"
3,IRRIIRKIIHIIKK,DBAASPR_1076,Aspergillus fumigatus,MBC,23.3±8.8,µg/ml,,,,MHB,1E5,,"Gram-, Fungus"
4,KVvvKWVvKvVK,DBAASPR_8,Aspergillus fumigatus ATCC 26430,MIC,>100,µM,,,,RPMI-1640,2E3,,"Gram+, Gram-, Fungus"
5,KAaaKWAaKaAK,DBAASPR_38,Aspergillus fumigatus ATCC 26430,MIC,100,µM,,,,RPMI-1640,2E3,,"Gram+, Gram-, Fungus"
6,kGGGkWGGkGGk,DBAASPR_72,Aspergillus fumigatus ATCC 26430,MIC,>100,µM,,,,RPMI-1640,2E3,,"Gram+, Gram-, Fungus"
6,kGGGkWGGkGGk,DBAASPR_73,Aspergillus fumigatus ATCC 26430,MIC,12.5,µM,,,,RPMI-1640,2E3,,"Gram+, Gram-, Fungus"
6,KAaaKWAaKaAK,DBAASPR_74,Aspergillus fumigatus ATCC 26430,MIC,>100,µM,,,,RPMI-1640,2E3,,"Gram+, Gram-, Fungus"
6,KVvvKWVvKvVK,DBAASPR_75,Aspergillus fumigatus ATCC 26430,MIC,>100,µM,,,,RPMI-1640,2E3,,"Gram+, Gram-, Fungus"
7,KLllKWLlKlLK,DBAASPR_77,Aspergillus fumigatus ATCC 26430,MIC,>100,µM,,,,RPMI-1640,2E3,,"Gram+, Gram-, Fungus"
7,KLllKWLlKlLK,DBAASPR_78,Aspergillus fumigatus ATCC 26430,MIC,6.25,µM,,,,RPMI-1640,2E3,,"Gram+, Gram-, Fungus"
8,VRRFPWWWPFLRR,DBAASPR_160,Aspergillus fumigatus,MIC,250,µg/ml,,,,GYE,,,"Gram+, Gram-, Cancer, Fungus, Mammalian Cell"
9,RRRFPWVCWPFLRRR,DBAASPR_161,Aspergillus fumigatus,MIC,250,µg/ml,,,,GYE,,,Fungus
10,RFPWWWPFLR,DBAASPR_162,Aspergillus fumigatus,MIC,500,µg/ml,,,,GYE,,,Fungus
11,FQWQRNMRKVR,DBAASPR_273,Aspergillus fumigatus,EC50,142±13,µM,,,,YNB,5E4,Hyphal damage; clinical isolate,"Gram+, Gram-, Fungus"
12,DCLSGRYKGPCAVWDNETCRRVCKEEGRSSGHCSPSLKCWCEGC,DBAASPR_461,Aspergillus fumigatus ATCC MYA-1163,MIC,6.25,µM,,,,PDB,,,"Gram+, Gram-, Fungus"
13,KRLFKKLLFSLRKY,DBAASPR_488,Aspergillus fumigatus,EC50,19±5,µM,,,,YNB,5E4,Clinical isolate,"Gram+, Parasite, Fungus, Mammalian Cell"
14,LLLFLLKKRKKRKY,DBAASPR_498,Aspergillus fumigatus,EC50,3±1,µM,,,,YNB,5E4,Clinical isolate,"Gram+, Gram-, Fungus, Mammalian Cell"
14,LLLFLLKKRKKRKY,DBAASPR_498,Aspergillus fumigatus,MIC,3.6±2.2,µM,,,,YNB,5E4,Clinical isolate,"Gram+, Gram-, Fungus, Mammalian Cell"
15,RSVCRQIKICRRRGGCYYKCTNRPY,DBAASPR_694,Aspergillus fumigatus,MIC,25-50,µM,,,,PBM,,,"Gram+, Gram-, Fungus, Mammalian Cell"
15,KNLRRIIRKIIHIIKKYG,DBAASPR_695,Aspergillus fumigatus,MIC,8.3±1.7,µg/ml,,,,MHB,1E5,,"Gram+, Gram-, Fungus"
15,KNLRRIIRKIIHIIKKYG,DBAASPR_695,Aspergillus fumigatus,MBC,16.7±3.3,µg/ml,,,,MHB,1E5,,"Gram+, Gram-, Fungus"
16,FFHHIFRGIVHVGKTIHKLVTG,DBAASPR_758,Aspergillus fumigatus,MIC,50-100,µM,,,,THB,1E5,,"Gram+, Gram-, Virus, Fungus, Mammalian Cell, Protista"
17,XCRRLCYKQRCVTYCRGR,DBAASPR_814,Aspergillus fumigatus,MIC,1.6-3.15,µM,,,,PDB,,,"Gram+, Gram-, Parasite, Cancer, Fungus, Mammalian Cell"
17,XCRRLCYKQRCVTYCRGR,DBAASPR_815,Aspergillus fumigatus,MIC,1.6-3.15,µM,,,,PDB,,,"Gram+, Gram-, Fungus, Mammalian Cell"
18,YPPKPESPGEDASPEEMNKYLTALRHYINLVTRQRY,DBAASPR_816,Aspergillus fumigatus,MIC,100,µg/ml,,,,SGB,1E6,,"Gram+, Gram-, Parasite, Fungus, Mammalian Cell"
19,AKKVFKRLEKLFSKIQNDK,DBAASPR_891,Aspergillus fumigatus KCTC 6145,MIC,>50,µM,,,,PDB,2E3,,"Gram+, Gram-, Fungus, Mammalian Cell"
20,AKKVFKRLEKLFSKIQNWK,DBAASPR_892,Aspergillus fumigatus KCTC 6145,MIC,50,µM,,,,PDB,2E3,,"Gram+, Gram-, Fungus, Mammalian Cell"
21,AKKVFKRLEKLFSKIWNDK,DBAASPR_893,Aspergillus fumigatus KCTC 6145,MIC,50,µM,,,,PDB,2E3,,"Gram+, Gram-, Fungus"
22,AKKVFKRLEKLFSKIWNWK,DBAASPR_894,Aspergillus fumigatus KCTC 6145,MIC,25,µM,,,,PDB,2E3,,"Gram+, Gram-, Fungus, Mammalian Cell"
23,AKKVFKRLEKSFSKIQNDK,DBAASPR_895,Aspergillus fumigatus KCTC 6145,MIC,>50,µM,,,,PDB,2E3,,"Gram+, Gram-, Fungus, Mammalian Cell"
24,AKKVSKRLEKLFSKIQNDK,DBAASPR_896,Aspergillus fumigatus KCTC 6145,MIC,>50,µM,,,,PDB,2E3,,"Gram+, Gram-, Fungus, Mammalian Cell"
25,AKKVFKRLEKLFSKIFNFK,DBAASPR_897,Aspergillus fumigatus KCTC 6145,MIC,50-25,µM,,,,PDB,2E3,,"Gram+, Gram-, Fungus"
26,AKKVFKRLEKLFSKIYNYK,DBAASPR_898,Aspergillus fumigatus KCTC 6145,MIC,50-25,µM,,,,PDB,2E3,,"Gram+, Gram-, Fungus"
27,ALWKTMLKKLGTMALHAGKAALGAAADTISQGTQ,DBAASPR_991,Aspergillus fumigatus IP1025-70,MIC,100,µg/ml,,,,SGB,,,"Gram+, Gram-, Virus, Parasite, Fungus, Mammalian Cell"
28,XRPYTQPLIYYPPPPTPPRIYRA,DBAASPR_1080,Aspergillus fumigatus,MIC,>200,µM,,,,PDB,,,"Gram+, Gram-, Fungus"
29,ALWKNMLKGIGKLAGKAALGAVKKLVGAES,DBAASPR_1098,Aspergillus fumigatus IP1025-70,MIC,20,µM,,,,SGB,1E6,,"Gram+, Gram-, Virus, Parasite, Fungus, Mammalian Cell"
30,GLWSKIKEVGKEAAKAAAKAAGKAALGAVSEAV,DBAASPR_1195,Aspergillus fumigatus IP1025-70,MIC,125,µg/ml,,,,SGB,,,"Gram+, Gram-, Parasite, Cancer, Fungus, Mammalian Cell, Mollicute"
30,GLWSKIKEVGKEAAKAAAKAAGKAALGAVSEAV,DBAASPR_1195,Aspergillus fumigatus,MIC,3.1,µM,,,,,,,"Gram+, Gram-, Parasite, Cancer, Fungus, Mammalian Cell, Mollicute"
31,KKVVFKVKFKK,DBAASPR_1274,Aspergillus fumigatus 96-820,MIC,>32,µg/ml,,,,RPMI-1640,5E3,,Fungus
31,KKVVFKVKFKK,DBAASPR_1274,Aspergillus fumigatus 96-820,MFC,>32,µg/ml,,,,SDA,,,Fungus
32,kkvvfkvkfkk,DBAASPR_1276,Aspergillus fumigatus 96-820,MIC,>32,µg/ml,,,,RPMI-1640,5E3,,Fungus
32,kkvvfkvkfkk,DBAASPR_1276,Aspergillus fumigatus 96-820,MFC,>32,µg/ml,,,,SDA,,,Fungus
33,ACNFQSCWATCQAQHSIYFRRAFCDRSQCKCVFVRG,DBAASPR_1340,Aspergillus fumigatus,-,NA,,,,,PDB,,Not active at 100 µM,"Gram+, Gram-, Fungus"
34,RGLRRLGRKIAHGVKKYGPTVLRIIRIA,DBAASPR_1485,Aspergillus fumigatus,MIC,5.0±0.0,µg/ml,,,,MHB,1E5,,"Gram+, Gram-, Cancer, Fungus, Mammalian Cell"
34,RGLRRLGRKIAHGVKKYGPTVLRIIRIA,DBAASPR_1485,Aspergillus fumigatus,MBC,11.7±4.4,µg/ml,,,,MHB,1E5,,"Gram+, Gram-, Cancer, Fungus, Mammalian Cell"
35,RGLRRLGRKIAHGVKKYG,DBAASPR_1486,Aspergillus fumigatus,MIC,>40.0,µg/ml,,,,MHB,1E5,,"Gram+, Gram-, Fungus, Mammalian Cell"
35,RGLRRLGRKIAHGVKKYG,DBAASPR_1486,Aspergillus fumigatus,MBC,>40.0,µg/ml,,,,MHB,1E5,,"Gram+, Gram-, Fungus, Mammalian Cell"
36,LGRKIAHGVKKYGPTVLRII,DBAASPR_1487,Aspergillus fumigatus,MIC,>40.0,µg/ml,,,,MHB,1E5,,"Gram+, Gram-, Fungus"
36,LGRKIAHGVKKYGPTVLRII,DBAASPR_1487,Aspergillus fumigatus,MBC,>40.0,µg/ml,,,,MHB,1E5,,"Gram+, Gram-, Fungus"
37,KIAHGVKKYGPTVLRIIRIAG,DBAASPR_1488,Aspergillus fumigatus,MIC,>40.0,µg/ml,,,,MHB,1E5,,"Gram+, Gram-, Fungus"
37,KIAHGVKKYGPTVLRIIRIAG,DBAASPR_1488,Aspergillus fumigatus,MBC,>40.0,µg/ml,,,,MHB,1E5,,"Gram+, Gram-, Fungus"
38,RGLRALGRKIAHGVKAYG,DBAASPR_1489,Aspergillus fumigatus,MIC,>40.0,µg/ml,,,,MHB,1E5,,"Gram+, Gram-, Fungus"
38,RGLRALGRKIAHGVKAYG,DBAASPR_1489,Aspergillus fumigatus,MBC,>40.0,µg/ml,,,,MHB,1E5,,"Gram+, Gram-, Fungus"
39,KNIRRIIRKIIHIIKKYG,DBAASPR_1496,Aspergillus fumigatus,MIC,5.0±0.0,µg/ml,,,,MHB,1E5,,"Gram+, Gram-, Fungus"
39,KNIRRIIRKIIHIIKKYG,DBAASPR_1496,Aspergillus fumigatus,MBC,10.0±0.0,µg/ml,,,,MHB,1E5,,"Gram+, Gram-, Fungus"
39,KNIRRIIRKIIHIIKKYG,DBAASPR_1498,Aspergillus fumigatus,MIC,6.7±1.7,µg/ml,,,,MHB,1E5,,"Gram+, Gram-, Fungus"
39,KNIRRIIRKIIHIIKKYG,DBAASPR_1498,Aspergillus fumigatus,MBC,10.0±0.0,µg/ml,,,,MHB,1E5,,"Gram+, Gram-, Fungus"
40,NLRRIIRKIIHIIKKY,DBAASPR_1500,Aspergillus fumigatus,MIC,13.3±3.3,µg/ml,,,,MHB,1E5,,"Gram+, Gram-, Fungus"
40,NLRRIIRKIIHIIKKY,DBAASPR_1500,Aspergillus fumigatus,MBC,16.7±3.3,µg/ml,,,,MHB,1E5,,"Gram+, Gram-, Fungus"
41,NIRRIIRKIIHIIKKY,DBAASPR_1508,Aspergillus fumigatus,MIC,8.3±1.7,µg/ml,,,,MHB,1E5,,"Gram+, Gram-, Fungus"
41,NIRRIIRKIIHIIKKY,DBAASPR_1508,Aspergillus fumigatus,MBC,13.3±3.3,µg/ml,,,,MHB,1E5,,"Gram+, Gram-, Fungus"
41,LRRIIRKIIHIIKK,DBAASPR_1509,Aspergillus fumigatus,MIC,33.3±6.7,µg/ml,,,,MHB,1E5,,"Gram+, Gram-, Fungus"
41,LRRIIRKIIHIIKK,DBAASPR_1509,Aspergillus fumigatus,MBC,40.0±0.0,µg/ml,,,,MHB,1E5,,"Gram+, Gram-, Fungus"
41,IRRIIRKIIHIIKK,DBAASPR_1510,Aspergillus fumigatus,MIC,40.0±0.0,µg/ml,,,,MHB,1E5,,"Gram+, Gram-, Fungus"
41,IRRIIRKIIHIIKK,DBAASPR_1510,Aspergillus fumigatus,MBC,>40.0,µg/ml,,,,MHB,1E5,,"Gram+, Gram-, Fungus"
42,LRRIIRKIIHIIK,DBAASPR_1511,Aspergillus fumigatus,MIC,8.3±1.7,µg/ml,,,,MHB,1E5,,"Gram+, Gram-, Fungus"
42,LRRIIRKIIHIIK,DBAASPR_1511,Aspergillus fumigatus,MBC,8.3±1.7,µg/ml,,,,MHB,1E5,,"Gram+, Gram-, Fungus"
43,RRIIRKIIHIIKK,DBAASPR_1512,Aspergillus fumigatus,MIC,5.8±2.2,µg/ml,,,,MHB,1E5,,"Gram+, Gram-, Fungus"
43,RRIIRKIIHIIKK,DBAASPR_1512,Aspergillus fumigatus,MBC,16.7±3.3,µg/ml,,,,MHB,1E5,,"Gram+, Gram-, Fungus"
44,RRIIRKIIHIIK,DBAASPR_1513,Aspergillus fumigatus,MIC,26.7±6.7,µg/ml,,,,MHB,1E5,,"Gram+, Gram-, Fungus"
44,RRIIRKIIHIIK,DBAASPR_1513,Aspergillus fumigatus,MBC,26.7±6.7,µg/ml,,,,MHB,1E5,,"Gram+, Gram-, Fungus"
45,RRIIRKIIHII,DBAASPR_1514,Aspergillus fumigatus,MIC,20.0±0.0,µg/ml,,,,MHB,1E5,,"Gram+, Gram-, Fungus"
45,RRIIRKIIHII,DBAASPR_1514,Aspergillus fumigatus,MBC,20.0±0.0,µg/ml,,,,MHB,1E5,,"Gram+, Gram-, Fungus"
46,RIIRKIIHIIK,DBAASPR_1515,Aspergillus fumigatus,MIC,40.0±0.0,µg/ml,,,,MHB,1E5,,"Gram+, Gram-, Fungus"
46,RIIRKIIHIIK,DBAASPR_1515,Aspergillus fumigatus,MBC,>40.0,µg/ml,,,,MHB,1E5,,"Gram+, Gram-, Fungus"
47,RIIRKIIHII,DBAASPR_1516,Aspergillus fumigatus,MIC,40.0±0.0,µg/ml,,,,MHB,1E5,,"Gram+, Gram-, Fungus"
47,RIIRKIIHII,DBAASPR_1516,Aspergillus fumigatus,MBC,>=40.0,µg/ml,,,,MHB,1E5,,"Gram+, Gram-, Fungus"
48,DKLIGSCVWGAVNYTSDCNGECKRRGYKGGHCGSFANVNCWCET,DBAASPR_1686,Aspergillus fumigatus,MIC,6-12,µM,,,,PDB,,,"Gram+, Gram-, Fungus"
48,DKLIGSCVWGAVNYTSDCNGECKRRGYKGGHCGSFANVNCWCET,DBAASPR_1686,Aspergillus fumigatus GASP 4707,MIC50,25,µg/ml,,,,YPG,,,"Gram+, Gram-, Fungus"
49,VXLfPVXLfP,DBAASPR_1688,Aspergillus fumigatus ATCC 204305,IC50,4.5±0.3,µM,,,,PDB,,,"Gram+, Gram-, Parasite, Cancer, Fungus, Mammalian Cell, Biofilm"
50,ATCDLLSAFGVGHAACAAHCIGHGYRGGYCNSKAVCTCRR,DBAASPR_1799,Aspergillus fumigatus,MIC,12.5-25,µM,,,,PDB,,,"Gram+, Parasite, Fungus"
51,SFGLCRLRRGFCARGRCRFPSIPIGRCSRFVQCCRRVW,DBAASPR_1854,Aspergillus fumigatus,MIC,3-6,µM,,,,PDB,,,"Gram+, Gram-, Fungus"
52,GWLKKIGKKIERVGQHTRDATIQGLGIAQQAANVAATAR,DBAASPR_1855,Aspergillus fumigatus,MIC,>200,µM,,,,PDB,,,"Gram+, Gram-"
53,RGFRKHFNKLVKKVKHTISETAHVAKDTAVIAGSGAAVVAAT,DBAASPR_1919,Aspergillus fumigatus,MIC,50-100,µM,,,,PDB,,"Activity was not affected by various concentrations of KCl, CaCl2, or NaCl.","Gram+, Gram-, Parasite, Fungus, Mammalian Cell"
54,KKALLXHALHXLALLAXHLAHXLKKA,DBAASPR_1984,Aspergillus fumigatus,MIC,>50,µM,,,,PDB,1E4,"Only 90% inhibition achieved at this, the highest concentration tested","Gram+, Gram-, Parasite, Fungus, Mammalian Cell"
55,FFKKLXHALHXLALLAXHLAHXLKKA,DBAASPR_1986,Aspergillus fumigatus,MIC,>50,µM,,,,PDB,1E4,"Only 90% inhibition achieved at this, the highest concentration tested","Gram+, Gram-, Fungus, Mammalian Cell"
56,KKALLXHPLHXLALLAXHLAHXLKKA,DBAASPR_1987,Aspergillus fumigatus,MIC,>50,µM,,,,PDB,1E4,"Only 90% inhibition achieved at this, the highest concentration tested","Gram+, Gram-, Parasite, Fungus, Mammalian Cell"
57,akklxhalhxallalxhlahxllakk,DBAASPR_1988,Aspergillus fumigatus,MIC,50,µM,,,,PDB,1E4,"Only 90% inhibition achieved at this, the highest concentration tested","Gram+, Gram-, Parasite, Fungus, Mammalian Cell"
58,GYGGHGGHGGHGGHGGHGGHGHGGGGHG,DBAASPR_2009,Aspergillus fumigatus ATCC 9197,IC50,>100,µg/ml,,,,SDB,1E4,,"Gram+, Gram-, Fungus"
59,GYHGGHGGHGGGYNGGGGHGGHGGGYNGGGHHGGGGHG,DBAASPR_2010,Aspergillus fumigatus ATCC 9197,IC50,>100,µg/ml,,,,SDB,1E4,,"Gram+, Gram-, Fungus"
60,GGHGGHGGHGGHGGHGGH,DBAASPR_2011,Aspergillus fumigatus ATCC 9197,IC50,>100,µg/ml,,,,SDB,1E4,,"Gram+, Gram-, Fungus"
61,ISRLAGLLRKGGEKIGEKLKKIGQKIKNFFQKLVPQPE,DBAASPR_2028,Aspergillus fumigatus KCTC 4165,MIC,12.5,µM,,,,YMM,2E3,,"Gram+, Gram-, Cancer, Fungus, Mammalian Cell"
62,DTHFPICIFCCGCCHRSKCGMCCKT,DBAASPR_2042,Aspergillus fumigatus,-,NA,,,,,TSB,,Not active at 40 µM,"Gram+, Gram-, Cancer, Fungus"
63,ICIFCCGCCHRSKCGMCCKT,DBAASPR_2043,Aspergillus fumigatus,MFC,40,µM,,,,TSB,,,"Gram+, Gram-, Cancer, Fungus"
63,ICIFCCGCCHRSKCGMCCKT,DBAASPR_2043,Aspergillus fumigatus,-,NA,,,150,NaCl,TSB,,,"Gram+, Gram-, Cancer, Fungus"
64,DKLIGSCVWGAVNYTSNCRAECKRRGYKGGHCGSFANVNCWCET,DBAASPR_2076,Aspergillus fumigatus GASP 4707,MIC50,6.25,µg/ml,,,,YPG,,,Fungus
65,DKLIGSCVWGAVNYTSNCNAECKRRGYKGGHCGSFANVNCWCQT,DBAASPR_2077,Aspergillus fumigatus GASP 4707,MIC50,3.125,µg/ml,,,,YPG,,,Fungus
66,DKLIGSCVWGAVNYTSNCNAECKRRGYKGGHCGSFANVNCWCER,DBAASPR_2078,Aspergillus fumigatus GASP 4707,MIC50,25,µg/ml,,,,YPG,,,Fungus
67,NKLIGSCVWGAVNYTSNCNAECKRRGYKGGHCGSFANVNCWCET,DBAASPR_2079,Aspergillus fumigatus GASP 4707,MIC50,12.5,µg/ml,,,,YPG,,,Fungus
68,DKLIGSCVWGAVNYTRNCNAECKRRGYKGGHCGSFANVNCWCET,DBAASPR_2080,Aspergillus fumigatus GASP 4707,MIC50,6.25,µg/ml,,,,YPG,,,Fungus
69,DKLIGSCVWGAVNYTSRCNAECKRRGYKGGHCGSFANVNCWCET,DBAASPR_2081,Aspergillus fumigatus GASP 4707,MIC50,25,µg/ml,,,,YPG,,,Fungus
70,DKLIGSCVWGAVNYTSNCNAECKRRGYKGGHCGSFLNVNCWCET,DBAASPR_2082,Aspergillus fumigatus GASP 4707,MIC50,6.25,µg/ml,,,,YPG,,,Fungus
71,DKLIGSCVWGAVNYTSNCNAECKRRGYKGGHCGSFINVNCWCET,DBAASPR_2083,Aspergillus fumigatus GASP 4707,MIC50,6.25,µg/ml,,,,YPG,,,Fungus
72,DKLIGSCVWGAVNYTSNCNAECKRRGYKGGHCGSFANINCWCET,DBAASPR_2084,Aspergillus fumigatus GASP 4707,MIC50,12.5,µg/ml,,,,YPG,,,Fungus
73,DKLIGSCVWGAVNYTSNCNAECKRRGYKGGHCGSFLNINCWCET,DBAASPR_2085,Aspergillus fumigatus GASP 4707,MIC50,3.125,µg/ml,,,,YPG,,,Fungus
74,DKLIGSCVWLAVNYTSNCNAECKRRGYKGGHCGSFLNVNCWCET,DBAASPR_2086,Aspergillus fumigatus GASP 4707,MIC50,12.5,µg/ml,,,,YPG,,,Fungus
75,DKLIGSCVWLAVNYTSNCNAECKRRGYKGGHCGSFANVNCWCET,DBAASPR_2087,Aspergillus fumigatus GASP 4707,MIC50,25,µg/ml,,,,YPG,,,Fungus
76,DKLIGSCVWGAVNYTSNCRAECKRRGYKGGHCGSFLNVNCWCET,DBAASPR_2088,Aspergillus fumigatus GASP 4707,MIC50,12.5,µg/ml,,,,YPG,,,Fungus
77,DKLIGSCVWGAVNYTSNCNAECKRRGYKGGHCGSFANVNCWCET,DBAASPR_2089,Aspergillus fumigatus GASP 4707,MIC50,12.5,µg/ml,,,,YPG,,,Fungus
78,RILSILRHQNLLKE,DBAASPR_2107,Aspergillus fumigatus,MIC,50,µM,,,,MHB,,,Fungus
79,TLRGDERILSILRHQNLLKE,DBAASPR_2108,Aspergillus fumigatus,-,NA,,,,,MHB,,Not active at 100 µM,Fungus
80,TLRGDERILSILRHQNLLKELQDLALQGAK,DBAASPR_2109,Aspergillus fumigatus,-,NA,,,,,MHB,,Not active at 100 µM,Fungus
81,RILSILRHQNLLKELQDLALQGAK,DBAASPR_2110,Aspergillus fumigatus,MIC,30,µM,,,,MHB,,,Fungus
82,GGLKKLGKKLEGAGKRVFNAAEKALPVVAGAKAL,DBAASPR_2138,Aspergillus fumigatus,-,NA,,,,,YPG,,Not active up to 100 µM,"Gram+, Gram-, Fungus"
83,IFGAIAGLLKNIF,DBAASPR_2143,Aspergillus fumigatus,LC,>50,µM,,,,MEA,,,"Gram+, Gram-, Fungus, Mammalian Cell"
84,FFGHLFKLATKIIPSLFQ,DBAASPR_2144,Aspergillus fumigatus,LC,8.30,µM,,,,MEA,,,"Gram+, Gram-, Insect, Fungus, Mammalian Cell"
85,KVAKQEKKKKKTGRAKRR,DBAASPR_2376,Aspergillus fumigatus,EC50,37±15,µM,,,,YNB,5E4,Hyphal damage; clinical isolate,"Gram+, Fungus, Mammalian Cell"
85,KVAKQEKKKKKTGRAKRR,DBAASPR_2376,Aspergillus fumigatus,MIC,18±13,µM,,,,YNB,5E4,Clinical isolate,"Gram+, Fungus, Mammalian Cell"
86,TGRAKRRMQYNRR,DBAASPR_2380,Aspergillus fumigatus,EC50,91±19,µM,,,,YNB,5E4,Hyphal damage; clinical isolate,"Gram+, Fungus, Mammalian Cell"
87,KWKLFKKIEKVGQGIGAVLKVLTTGL,DBAASPR_2577,Aspergillus fumigatus ATCC 16424,MIC,10.5±0.63,µg/ml,,,,YMM,,,"Gram+, Gram-, Parasite, Fungus, Mammalian Cell"
88,ATCDLLSGTGINHSACAAHCLLRGNRGGYCNGKGVCVCRN,DBAASPR_2629,Aspergillus fumigatus,-,NA,,,,,PDB,,Not active at 50 micro M,"Gram+, Gram-, Parasite, Fungus"
88,ATCDLLSGTGINHSACAAHCLLRGNRGGYCNGKGVCVCRN,DBAASPR_2629,Aspergillus fumigatus,-,NA,,,,,PDB,,Not active at 100 micro M,"Gram+, Gram-, Parasite, Fungus"
89,ATCDLASGFGVGSSLCAAHCIARRYRGGYCNSKAVCVCRN,DBAASPR_2630,Aspergillus fumigatus,-,NA,,,,,PDB,,Not active at 100 µM,"Gram+, Fungus"
90,FEDLPNFGHIQVKVFNHGEHIHH,DBAASPR_2739,Aspergillus fumigatus,MIC,>100,µM,,,,PDB,,,"Gram+, Gram-, Fungus"
91,GEKLKKIGQKIKNFFQKL,DBAASPR_3073,Aspergillus fumigatus KCTC 4165,MIC,100.0,µM,,,,YMM,2E3,,"Gram+, Gram-, Cancer, Fungus, Mammalian Cell"
92,GKKLKKIGQKIKNFFQKL,DBAASPR_3074,Aspergillus fumigatus KCTC 4165,MIC,12.5,µM,,,,YMM,2E3,,"Gram+, Gram-, Cancer, Fungus, Mammalian Cell"
93,GEKLKKIGKKIKNFFQKL,DBAASPR_3075,Aspergillus fumigatus KCTC 4165,MIC,25.0,µM,,,,YMM,2E3,,"Gram+, Gram-, Cancer, Fungus, Mammalian Cell"
94,GEKLKKIGQKIKKFFQKL,DBAASPR_3076,Aspergillus fumigatus KCTC 4165,MIC,25.0,µM,,,,YMM,2E3,,"Gram+, Gram-, Cancer, Fungus, Mammalian Cell"
95,GEKLKKIGQKIKNFFKKL,DBAASPR_3077,Aspergillus fumigatus KCTC 4165,MIC,25.0,µM,,,,YMM,2E3,,"Gram+, Gram-, Cancer, Fungus, Mammalian Cell"
96,fPFfNQYVXL,DBAASPR_3316,Aspergillus fumigatus ATCC 204305,IC50,2.6±0.2,µM,,,,PDB,,,"Gram+, Gram-, Parasite, Cancer, Fungus, Mammalian Cell, Biofilm"
97,GLNALKKVFQGIHEAIKLINNHVQ,DBAASPR_3355,Aspergillus fumigatus KCTC 6145,MIC,64,µM,,,,PDB,2E4,,"Gram+, Gram-, Fungus, Mammalian Cell"
97,GLNALKKVFQGIHEAIKLINNHVQ,DBAASPR_3355,Aspergillus fumigatus KCTC 6145,MIC,24,µM,5.5,,,PDB,2E4,,"Gram+, Gram-, Fungus, Mammalian Cell"
98,APPGARPPPGPPPPGPPPPGP,DBAASPR_4121,Aspergillus fumigatus UP1,EC50,58.68,µM,,,,SDA,3E4-5E4,,"Fungus, Mammalian Cell"
99,PEEMNKYLTALRHYINLVTRQRY,DBAASPR_4191,Aspergillus fumigatus,MIC,80,µg/ml,,,,SGB,1E6,,"Gram+, Gram-, Fungus, Mammalian Cell"
100,GRGREFMSNLKEKLSGVKEKMKNS,DBAASPR_4207,Aspergillus fumigatus,-,NA,,,,,MEA,,,"Gram+, Gram-, Parasite, Fungus, Mammalian Cell"
101,VKLIQIRIWIQYVTVLQMFSMKTKQ,DBAASPR_4208,Aspergillus fumigatus,-,NA,,,,,MEA,,,"Gram+, Gram-, Parasite, Fungus, Mammalian Cell"
102,YKQCHKKGGHCFPKEKICLPPSSDFGKMDCRWRWKCCKKGSG,DBAASPR_4321,Aspergillus fumigatus IOC 4526,MIC,>125,µg/ml,,,,PDB,,Clinical strain,"Gram+, Gram-, Parasite, Cancer, Fungus, Mammalian Cell"
103,MAFKKLEKVGRNIRDGIIKAGPAVAVIGQATSIARPTGK,DBAASPR_4571,Aspergillus fumigatus,MIC,16.0,µM,,,,PDB,,,"Gram+, Gram-, Fungus, Mammalian Cell"
104,GRRRRSVQWCA,DBAASPR_4663,Aspergillus fumigatus,EC50,29±5,µM,,,,YNB,5E4,Hyphal damage; clinical isolate,"Gram+, Gram-, Fungus, Mammalian Cell, Biofilm"
104,GRRRRSVQWCA,DBAASPR_4663,Aspergillus fumigatus,MIC,5±4,µM,,,,YNB,5E4,Clinical isolate,"Gram+, Gram-, Fungus, Mammalian Cell, Biofilm"
105,GRLKKLGKKIEGAGKRVFKAAEKALPVVAGVKALG,DBAASPR_5077,Aspergillus fumigatus,MIC,10-25,µM,,,,PDB,,,"Gram+, Gram-, Fungus"
106,GRLKKLGKKIEGAGKRVFKAAEKALPVVAGVKAL,DBAASPR_5082,Aspergillus fumigatus,MIC,5-10,µM,,,,PDB,,,"Gram+, Gram-, Parasite, Fungus"
107,GFGCPFNENECHAHCLSIGRKFGFCAGPLRATCTCGKQ,DBAASPR_5119,Aspergillus fumigatus CCTCC AF 93024,-,NA,,,,,MEA,,,"Gram+, Gram-, Mammalian Cell"
108,CLAGRLDKQCTCRRSQPSRRSGHEVGRPSPHCGPSRQCGCHMD,DBAASPR_5175,Aspergillus fumigatus ATCC MYA-1163,MIC,6.25,µM,,,,PDB,,,"Gram+, Gram-, Fungus"
109,KQSHKKGGHSFPKEKIS,DBAASPR_5438,Aspergillus fumigatus IOC 4526,MIC,>100,µg/ml,,,,PDB,,Clinical strain,"Gram+, Gram-, Fungus"
110,KMDSRWRWKSSKK,DBAASPR_5439,Aspergillus fumigatus IOC 4526,MIC,>100,µg/ml,,,,PDB,,Clinical strain,"Gram+, Gram-, Fungus"
111,ALWFTMLKKLGTMALHAGKAALGAAANTISQGTQ,DBAASPR_5530,Aspergillus fumigatus IP1025-70,MIC,20,µM,,,,SGB,1E6,,"Gram+, Gram-, Fungus, Mammalian Cell"
112,ALWMTLLKKVLKAAAKALNAVLVGANA,DBAASPR_5531,Aspergillus fumigatus IP1025-70,MIC,20,µM,,,,SGB,1E6,,"Gram+, Gram-, Cancer, Fungus, Mammalian Cell"
113,GLWSKIKTAGKSVAKAAAKAAVKAVTNAV,DBAASPR_5532,Aspergillus fumigatus IP1025-70,MIC,>70,µM,,,,SGB,1E6,,"Gram+, Gram-, Fungus, Mammalian Cell"
113,ALWKNMLKGIGKLAGKAALGAVKKLVGAES,DBAASPR_5533,Aspergillus fumigatus IP1025-70,MIC,10,µM,,,,SGB,1E6,,"Gram+, Gram-, Fungus"
114,ALWKNMLKGIGKLAGKAALG,DBAASPR_5534,Aspergillus fumigatus IP1025-70,MIC,15,µM,,,,SGB,1E6,,"Gram+, Gram-, Fungus"
115,ALWKNMLKGIGKLAGK,DBAASPR_5535,Aspergillus fumigatus IP1025-70,MIC,8,µM,,,,SGB,1E6,,"Gram+, Gram-, Fungus, Mammalian Cell"
116,ALWKNMLKGIGKLAG,DBAASPR_5536,Aspergillus fumigatus IP1025-70,MIC,20,µM,,,,SGB,1E6,,"Gram+, Gram-, Fungus"
117,ALWKNMLKGIGK,DBAASPR_5537,Aspergillus fumigatus IP1025-70,MIC,90,µM,,,,SGB,1E6,,"Gram+, Gram-, Fungus"
118,ALWKNMLKGI,DBAASPR_5538,Aspergillus fumigatus IP1025-70,MIC,>150,µM,,,,SGB,1E6,,"Gram+, Gram-, Fungus, Mammalian Cell"
119,AKRLKKLAKKIWNWK,DBAASPR_5565,Aspergillus fumigatus KCTC 6145,MIC,4,µM,,,,PDB,1E4,,"Gram+, Gram-, Fungus, Mammalian Cell"
120,FKRLKKLFKKIWNWK,DBAASPR_5566,Aspergillus fumigatus KCTC 6145,MIC,4,µM,,,,PDB,1E4,,"Gram+, Gram-, Fungus, Mammalian Cell"
121,AKRLKKLAKKIWKWK,DBAASPR_5567,Aspergillus fumigatus KCTC 6145,MIC,4,µM,,,,PDB,1E4,,"Gram+, Gram-, Fungus, Mammalian Cell"
122,YVPKIPKPQPNKPNFPSFPGHGPFNPHASRFPR,DBAASPR_5784,Aspergillus fumigatus CCTCC AF 93024,-,NA,,,,,MEA,,,"Gram+, Gram-, Fungus"
123,SSMKLSFRARAYGFRGPGPQL,DBAASPR_5879,Aspergillus fumigatus,MIC,>80,µM,,,,PDB,,,"Gram+, Gram-, Fungus, Mammalian Cell"
124,SSMKLSFRARAYGFRGPGLQL,DBAASPR_5880,Aspergillus fumigatus,MIC,100,µM,,,,PDB,,,"Gram+, Gram-, Fungus"
125,SSMKLSFRARAYSFRGPGPQL,DBAASPR_5881,Aspergillus fumigatus,MIC,80,µM,,,,PDB,,,"Gram+, Gram-, Fungus"
126,RSMRLSFRARGYGFR,DBAASPR_5882,Aspergillus fumigatus,MIC,80,µM,,,,PDB,,,"Gram+, Gram-, Cancer, Fungus, Mammalian Cell"
127,fPWfNQYVXL,DBAASPR_6091,Aspergillus fumigatus ATCC 204305,IC50,2.5±0.2,µM,,,,PDB,,,"Gram+, Gram-, Parasite, Cancer, Fungus, Mammalian Cell, Biofilm"
128,fPWwNQYVXL,DBAASPR_6093,Aspergillus fumigatus ATCC 204305,IC50,4.2±0.2,µM,,,,PDB,,,"Gram+, Gram-, Parasite, Cancer, Fungus, Mammalian Cell, Biofilm"
129,KWXWKXVKXAK,DBAASPR_6282,Aspergillus fumigatus NCIM 902,MIC,72.32,µM,,,,RPMI-1640,,,"Gram+, Gram-, Parasite, Cancer, Fungus, Mammalian Cell"
130,KAXWKXVKXAK,DBAASPR_6283,Aspergillus fumigatus NCIM 902,MIC,63.10,µM,,,,RPMI-1640,,,"Gram+, Gram-, Parasite, Cancer, Fungus, Mammalian Cell"
131,KWXWKXAKXAK,DBAASPR_6284,Aspergillus fumigatus NCIM 902,MIC,33.66,µM,,,,RPMI-1640,,,"Gram+, Gram-, Parasite, Cancer, Fungus, Mammalian Cell"
132,YRGGYTGPIPRPPPIGRPPFRPVCNACYRLSVSDARNCCIKFGSCCHLVK,DBAASPR_6613,Aspergillus fumigatus,MIC,>20,µM,,,,PDB,,,"Gram+, Gram-, Fungus"
133,DDALKKLLKKLLKKL,DBAASPR_6895,Aspergillus fumigatus ATCC 26430,MIC,75,µM,5.5,,,RPMI-1640,,,"Gram+, Gram-, Fungus"
133,DDALKKLLKKLLKKL,DBAASPR_6895,Aspergillus fumigatus ATCC 26430,MIC,12.5,µM,,,,RPMI-1640,,,"Gram+, Gram-, Fungus"
134,DDALHHLLHHLLHHL,DBAASPR_6896,Aspergillus fumigatus ATCC 26430,MIC,6.2,µM,5.5,,,RPMI-1640,,,"Gram+, Gram-, Fungus"
134,DDALHHLLHHLLHHL,DBAASPR_6896,Aspergillus fumigatus ATCC 26430,MIC,>100,µM,,,,RPMI-1640,,,"Gram+, Gram-, Fungus"
135,DDALRRLLRRLLRRL,DBAASPR_6908,Aspergillus fumigatus ATCC 26430,MIC,6.2,µM,5.5,,,RPMI-1640,,,"Gram+, Gram-, Fungus"
135,DDALRRLLRRLLRRL,DBAASPR_6908,Aspergillus fumigatus ATCC 26430,MIC,3.1,µM,,,,RPMI-1640,,,"Gram+, Gram-, Fungus"
136,DDALKHLLKHLLKHL,DBAASPR_6909,Aspergillus fumigatus ATCC 26430,MIC,12.5,µM,5.5,,,RPMI-1640,,,"Gram+, Gram-, Fungus"
136,DDALKHLLKHLLKHL,DBAASPR_6909,Aspergillus fumigatus ATCC 26430,MIC,25,µM,,,,RPMI-1640,,,"Gram+, Gram-, Fungus"
137,DDALRHLLRHLLRHL,DBAASPR_6910,Aspergillus fumigatus ATCC 26430,MIC,6.2,µM,5.5,,,RPMI-1640,,,"Gram+, Gram-, Fungus"
137,DDALRHLLRHLLRHL,DBAASPR_6910,Aspergillus fumigatus ATCC 26430,MIC,25,µM,,,,RPMI-1640,,,"Gram+, Gram-, Fungus"
138,lKKllKKllKKl,DBAASPR_6938,Aspergillus fumigatus ATCC MY A-422,MIC,50,µM,,,,RPMI-1640,2E3,,"Gram+, Gram-, Fungus"
138,lKKllKKllKKl,DBAASPR_6939,Aspergillus fumigatus ATCC MY A-422,MIC,12.5,µM,,,,RPMI-1640,2E3,,"Gram+, Gram-, Fungus"
138,lKKllKKllKKl,DBAASPR_6940,Aspergillus fumigatus ATCC MY A-422,MIC,6.25,µM,,,,RPMI-1640,2E3,,"Gram+, Gram-, Fungus"
138,lKKllKKllKKl,DBAASPR_6941,Aspergillus fumigatus ATCC MY A-422,MIC,1.56,µM,,,,RPMI-1640,2E3,,"Gram+, Gram-, Fungus"
138,lKKllKKllKKl,DBAASPR_6946,Aspergillus fumigatus ATCC MY A-422,MIC,1.56,µM,,,,RPMI-1640,2E3,,"Gram+, Gram-, Fungus"
139,DKPKKKPPPPAGPPPPPPPPPGPPPPGP,DBAASPR_7009,Aspergillus fumigatus UP1,EC50,58.68,µM,,,,SDA,3E4-5E4,Clinical isolate,"Gram+, Gram-, Cancer, Fungus, Mammalian Cell"
139,AKKVFKRLEKLFSKIQNDK,DBAASPR_7551,Aspergillus fumigatus,MIC,25,µM,,,,TSB,1E6,,"Gram+, Gram-, Fungus, Mammalian Cell"
140,KWKLWKKIEKWGQGIGAVLKWLTTWL,DBAASPR_7646,Aspergillus fumigatus ATCC 16424,MIC,2.8±0.29,µg/ml,,,,YMM,,,"Gram+, Gram-, Fungus, Mammalian Cell"
141,VXLfPFfNQF,DBAASPR_7777,Aspergillus fumigatus ATCC 204305,IC50,3.8±0.3,µM,,,,PDB,,,"Fungus, Biofilm"
142,VXLfPWwNQW,DBAASPR_7778,Aspergillus fumigatus ATCC 204305,IC50,3.2±0.2,µM,,,,PDB,,,"Fungus, Biofilm"
143,FXXXVGLXXXQXXX,DBAASPR_8008,Aspergillus fumigatus TlMM 0069,MIC,13,µg/ml,,,,,,,"Gram+, Gram-, Fungus"
143,FXXXVGLXXXQXXX,DBAASPR_8009,Aspergillus fumigatus TlMM 0069,MIC,>64,µg/ml,,,,,,,"Gram+, Gram-, Fungus"
144,LRLKSIVSYAKKVL,DBAASPR_8128,Aspergillus fumigatus,MIC,19.3,µg/ml,,,,SDA,1E6,,"Gram+, Gram-, Cancer, Fungus, Mammalian Cell"
145,ATCDLLSPFKVGHAACAAHCIARGKRGGWCDKRAVCNCRK,DBAASPR_8170,Aspergillus fumigatus B42928,IC50,>64,µM,,,,RPMI-1640,5E3,,"Gram+, Gram-, Cancer, Fungus, Mammalian Cell"
146,FKRLKKLISWIKRKRQQ,DBAASPR_8306,Aspergillus fumigatus KCTC 6145,MIC,2-4,µM,,,,PDB,1E4,,"Gram+, Gram-, Fungus, Mammalian Cell"
147,AKRLKKLFKKIWNWK,DBAASPR_8815,Aspergillus fumigatus KCTC 6145,MIC,8,µM,,,,PDB,1E4,,"Gram+, Gram-, Fungus, Mammalian Cell"
148,FKRLKKLAKKIWNWK,DBAASPR_8816,Aspergillus fumigatus KCTC 6145,MIC,8,µM,,,,PDB,1E4,,"Gram+, Gram-, Fungus, Mammalian Cell"
149,AKRLKKLAKKIWKWL,DBAASPR_8817,Aspergillus fumigatus KCTC 6145,MIC,16,µM,,,,PDB,1E4,,"Gram+, Gram-, Fungus, Mammalian Cell"
150,LRRLRKWLRRLLKLL,DBAASPR_8995,Aspergillus fumigatus,MIC,3.1,µM,,,,RPMI-1640,1E3-5E3,,"Gram+, Gram-, Fungus, Mammalian Cell"
151,VRRVRKWVRRVLKLV,DBAASPR_8996,Aspergillus fumigatus,MIC,8.4,µM,,,,RPMI-1640,1E3-5E3,,"Gram+, Gram-, Fungus, Mammalian Cell"
152,FRRFRKWFRRFLKLF,DBAASPR_8997,Aspergillus fumigatus,MIC,3.0,µM,,,,RPMI-1640,1E3-5E3,,"Gram+, Gram-, Fungus, Mammalian Cell"
153,ARRARKWARRALKLA,DBAASPR_8998,Aspergillus fumigatus,MIC,>25,µM,,,,RPMI-1640,1E3-5E3,,"Gram+, Gram-, Fungus, Mammalian Cell"
154,FRRFFKWFRRFFKFF,DBAASPR_10284,Aspergillus fumigatus,MIC,2.1,µM,,,,RPMI-1640,,clinical isolate,"Gram+, Gram-, Cancer, Fungus, Mammalian Cell"
155,FRRPFKWFRRFFKFF,DBAASPR_10285,Aspergillus fumigatus,MIC,18,µM,,,,RPMI-1640,,clinical isolate,"Gram+, Gram-, Cancer, Fungus, Mammalian Cell"
156,FRRFFKWPRRFFKFF,DBAASPR_10286,Aspergillus fumigatus,MIC,>35,µM,,,,RPMI-1640,,clinical isolate,"Gram+, Gram-, Cancer, Fungus, Mammalian Cell"
157,FRRFFKWFRRPFKFF,DBAASPR_10287,Aspergillus fumigatus,MIC,35,µM,,,,RPMI-1640,,clinical isolate,"Gram+, Gram-, Cancer, Fungus, Mammalian Cell"
158,FRRPFKWPRRFFKFF,DBAASPR_10288,Aspergillus fumigatus,MIC,>35,µM,,,,RPMI-1640,,clinical isolate,"Gram+, Gram-, Cancer, Fungus, Mammalian Cell"
159,FRRFFKWPRRPFKFF,DBAASPR_10289,Aspergillus fumigatus,MIC,>35,µM,,,,RPMI-1640,,clinical isolate,"Gram+, Gram-, Cancer, Fungus, Mammalian Cell"
160,GWLKKIGKKIERVGQHTRGLGIAQIAANVAATAR,DBAASPR_10344,Aspergillus fumigatus,MIC,22.3±0.15,µg/ml,,,,SDA,1E6,,"Gram+, Gram-, Fungus, Mammalian Cell"
161,APKVNVNALRKGGRVIRKGLGVIGAAGTAHEVYNHVRNRNQG,DBAASPR_10759,Aspergillus fumigatus,MIC,25,µM,,,,PDB,,,"Gram+, Gram-, Fungus, Mammalian Cell"
162,APKVNVNALKKGGHVIKKGLGVIGAAGTAHEVYNHVRNRNQG,DBAASPR_10760,Aspergillus fumigatus,MIC,37,µM,,,,PDB,,,"Gram+, Gram-, Fungus, Mammalian Cell"
163,AMWKDVLKKIGTVALHAGKAALGAVADTISQ,DBAASPR_10919,Aspergillus fumigatus,MIC,3.1,µM,,,,,,,"Gram+, Gram-, Parasite, Fungus, Mammalian Cell, Mollicute"
163,AMWKDVLKKIGTVALHAGKAALGAVADTISQ,DBAASPR_10919,Aspergillus fumigatus,LD,6.2,µM,,,,,,,"Gram+, Gram-, Parasite, Fungus, Mammalian Cell, Mollicute"
164,YPCKLNLKLGKVPFH,DBAASPR_12173,Aspergillus fumigatus KCTC 6145,MIC,10,µM,,,,YEPD,3E5,,"Gram+, Gram-, Fungus, Mammalian Cell"
165,FKLLSHSLLVTLASHLP,DBAASPR_12485,Aspergillus fumigatus NCPF 2109,MIC,6.3,µM,5.1,,,PDB,1E4,,"Gram+, Gram-, Fungus"
166,KKIGQKIKNFFQKL,DBAASPR_12498,Aspergillus fumigatus CBS 117202,IC50,5.3,µM,,,,PDB,5E4,,"Gram+, Gram-, Cancer, Fungus"
167,KKIWQKIKNFFQKL,DBAASPR_12499,Aspergillus fumigatus CBS 117202,IC50,19.4,µM,,,,PDB,5E4,,"Gram+, Gram-, Cancer, Fungus"
168,KRIWQKIKNFFQKL,DBAASPR_12500,Aspergillus fumigatus CBS 117202,IC50,19.5,µM,,,,PDB,5E4,,"Gram+, Gram-, Cancer, Fungus"
169,KKIWQRIKNFFQKL,DBAASPR_12501,Aspergillus fumigatus CBS 117202,IC50,18.8,µM,,,,PDB,5E4,,"Gram+, Gram-, Cancer, Fungus"
170,KKIWQKIRNFFQKL,DBAASPR_12502,Aspergillus fumigatus CBS 117202,IC50,34.1,µM,,,,PDB,5E4,,"Gram+, Gram-, Cancer, Fungus"
171,KKIWQKIKRFFQKL,DBAASPR_12503,Aspergillus fumigatus CBS 117202,IC50,15.9,µM,,,,PDB,5E4,,"Gram+, Gram-, Cancer, Fungus"
172,KKIWQKIKNFFRKL,DBAASPR_12504,Aspergillus fumigatus CBS 117202,IC50,13.2,µM,,,,PDB,5E4,,"Gram+, Gram-, Cancer, Fungus"
173,LSVKAFTGIQLRGVCGIEVKARG,DBAASPR_12615,Aspergillus fumigatus Af293,MIC,6.66±0.58,µM,,,,SDB,1E5,,"Fungus, Mammalian Cell"
173,LSVKAFTGIQLRGVCGIEVKARG,DBAASPR_12615,Aspergillus fumigatus Af293,MFC,26.64±1.70,µM,,,,SDA,1E5,,"Fungus, Mammalian Cell"
174,GRTSKQELCTWERGSVRQADKTIAG,DBAASPR_13424,Aspergillus fumigatus Af293,MIC,20.7,µM,,,,SDB,1E5,,"Fungus, Mammalian Cell"
174,GRTSKQELCTWERGSVRQADKTIAG,DBAASPR_13424,Aspergillus fumigatus Af293,MFC,41.4,µM,,,,SDA,,,"Fungus, Mammalian Cell"
175,GLFDIIKKIAESF,DBAASPR_13669,Aspergillus fumigatus ATCC 1022,MIC,125±0.0,µg/ml,,,,RPMI-1640,,,"Gram+, Gram-, Mammalian Cell"
176,LRRLLRWLRRLLRR,DBAASPR_13787,Aspergillus fumigatus,MIC,6.25,µg/ml,,,,RPMI-1640,1E3-5E3,,"Gram+, Gram-, Fungus, Mammalian Cell"
177,LRRAARWARRLLRR,DBAASPR_13788,Aspergillus fumigatus,MIC,50,µg/ml,,,,RPMI-1640,1E3-5E3,,"Gram+, Gram-, Fungus, Mammalian Cell"
178,LRRllRWlRRLLRR,DBAASPR_13789,Aspergillus fumigatus,MIC,6.25,µg/ml,,,,RPMI-1640,1E3-5E3,,"Gram+, Gram-, Fungus, Mammalian Cell"
179,LRRPPRWPRRLLRR,DBAASPR_13790,Aspergillus fumigatus,MIC,>100,µg/ml,,,,RPMI-1640,1E3-5E3,,"Gram+, Gram-, Fungus, Mammalian Cell"
180,FXIXAXLGGCLGXFCGGIXAXLXF,DBAASPR_14049,Aspergillus fumigatus,MIC,>128,µg/ml,,,,PDB,,"Clinical isolates 9648, 9651","Gram+, Gram-, Fungus, Mammalian Cell"
181,FXLXAXIXVXLXAXIXL,DBAASPR_14050,Aspergillus fumigatus,MIC,32-64,µg/ml,,,,PDB,,"Clinical isolates 9648, 9651","Gram+, Gram-, Fungus, Mammalian Cell"
182,RWCFKVCYKGICYKKCK,DBAASPR_14051,Aspergillus fumigatus,MIC,64,µg/ml,,,,PDB,,"Clinical isolates 9648, 9651","Gram+, Gram-, Fungus, Mammalian Cell"
183,APKVNVNALKKGGRVIKKGLGVIGAAGTAHEVYNHVRNRNQG,DBAASPR_14238,Aspergillus fumigatus,MIC,20,µM,,,,PDB,,,"Gram+, Gram-, Fungus, Mammalian Cell"
184,FKLRAKIKVRLRAKIKL,DBAASPR_15103,Aspergillus fumigatus,MIC,64-128,µg/ml,,,,PDB,,"Clinical isolates 9648, 9651","Gram+, Gram-, Fungus"
185,LRHKVYGYCVLGP,DBAASPR_17335,Aspergillus fumigatus KCTC 6145,MIC,10,µM,,,,YEPD,2E5,,"Fungus, Mammalian Cell"
186,GLNAAKKVFQGAHEAIKLINNHVQ,DBAASPR_17384,Aspergillus fumigatus KCTC 6145,MIC,64,µM,,,,PDB,2E4,,"Fungus, Mammalian Cell"
186,GLNAAKKVFQGAHEAIKLINNHVQ,DBAASPR_17384,Aspergillus fumigatus KCTC 6145,MIC,16,µM,5.5,,,PDB,2E4,,"Fungus, Mammalian Cell"
187,GANALKKVAQGIHEAIKLINNHVQ,DBAASPR_17385,Aspergillus fumigatus KCTC 6145,MIC,24,µM,,,,PDB,2E4,,"Fungus, Mammalian Cell"
187,GANALKKVAQGIHEAIKLINNHVQ,DBAASPR_17385,Aspergillus fumigatus KCTC 6145,MIC,16,µM,5.5,,,PDB,2E4,,"Fungus, Mammalian Cell"
188,GLNALKKVFQGAHEAIKLANNHVQ,DBAASPR_17386,Aspergillus fumigatus KCTC 6145,MIC,64,µM,,,,PDB,2E4,,"Fungus, Mammalian Cell"
188,GLNALKKVFQGAHEAIKLANNHVQ,DBAASPR_17386,Aspergillus fumigatus KCTC 6145,MIC,16,µM,5.5,,,PDB,2E4,,"Fungus, Mammalian Cell"
189,GLNALKKVAQGIHEAAKLINNHVQ,DBAASPR_17387,Aspergillus fumigatus KCTC 6145,MIC,32,µM,,,,PDB,2E4,,"Fungus, Mammalian Cell"
189,GLNALKKVAQGIHEAAKLINNHVQ,DBAASPR_17387,Aspergillus fumigatus KCTC 6145,MIC,16,µM,5.5,,,PDB,2E4,,"Fungus, Mammalian Cell"
190,GLNALKKVKQGKHEAIKLINNHVQ,DBAASPR_17388,Aspergillus fumigatus KCTC 6145,MIC,16,µM,,,,PDB,2E4,,"Fungus, Mammalian Cell"
190,GLNALKKVKQGKHEAIKLINNHVQ,DBAASPR_17388,Aspergillus fumigatus KCTC 6145,MIC,>64,µM,5.5,,,PDB,2E4,,"Fungus, Mammalian Cell"
191,RVCVWLVVMCKK,DBAASPR_18320,Aspergillus fumigatus,MIC,>=128,µg/ml,,,,PDB,,"Clinical isolates 9648, 9651","Gram+, Gram-, Fungus"
192,FXIKARFXVRARLXLKI,DBAASPR_18321,Aspergillus fumigatus,MIC,64-128,µg/ml,,,,PDB,,"Clinical isolates 9648, 9651","Gram+, Gram-, Fungus, Mammalian Cell"
193,FXLXAXIKVKLXAXIXL,DBAASPR_18322,Aspergillus fumigatus,MIC,64,µg/ml,,,,PDB,,"Clinical isolates 9648, 9651","Gram+, Gram-, Fungus"
194,ExYxEaPQyI,DBAASPR_18536,Aspergillus fumigatus,,NA,,,,,YMM,,Not active up to 1000 µg/ml,"Gram+, Gram-, Cancer, Fungus, Mammalian Cell"
195,SRWRWKSSKKGSG,DBAASPR_18610,Aspergillus fumigatus IOC 4526,MIC90,>250,µM,,,,RPMI-1640,2.7E4,,"Gram+, Gram-, Fungus"
196,SQMGRMSSRRRFGK,DBAASPR_18612,Aspergillus fumigatus IOC 4526,MIC90,>250,µM,,,,RPMI-1640,2.7E4,,"Gram+, Gram-, Fungus"
197,SQMGQMSSRRRFGK,DBAASPR_18622,Aspergillus fumigatus IOC 4526,MIC90,>250,µM,,,,RPMI-1640,2.7E4,,"Gram+, Gram-, Fungus"
198,SGPGRRSSRRRK,DBAASPR_18623,Aspergillus fumigatus IOC 4526,MIC90,>250,µM,,,,RPMI-1640,2.7E4,,"Gram+, Gram-, Fungus"
199,SGPGRRSSRRRWK,DBAASPR_18624,Aspergillus fumigatus IOC 4526,MIC90,>250,µM,,,,RPMI-1640,2.7E4,,"Gram+, Gram-, Fungus"
200,IKCVPSQCNQICRVLGKKCGYCKNASTCVCL,DBAASPR_18628,Aspergillus fumigatus B42928,IC50,>64,µM,,,,RPMI-1640,5E3,,"Gram+, Gram-, Fungus, Mammalian Cell"
201,RKCTASQCTRVCKKLGYKRGYCQSSTKCVC,DBAASPR_18629,Aspergillus fumigatus B42928,IC50,>64,µM,,,,RPMI-1640,5E3,,"Gram+, Gram-, Fungus, Mammalian Cell"
202,ATCDLLSPFKVGHAACALHCIALGRRGGWCDGRAVCNCRR,DBAASPR_18630,Aspergillus fumigatus B42928,IC50,>64,µM,,,,RPMI-1640,5E3,,"Gram+, Gram-, Fungus, Mammalian Cell"
203,SWWKKVFKPVEKLGQRVRDATIQGIGIAQQGANVLATVRGGPPQ,DBAASPR_18631,Aspergillus fumigatus B42928,IC50,>32,µM,,,,RPMI-1640,5E3,,"Gram+, Gram-, Fungus, Mammalian Cell, Biofilm"
204,GWWKRVFKPVEKFGQRVRDAGVQGIAIAQQGANVLATARGGPPQQ,DBAASPR_18632,Aspergillus fumigatus B42928,IC50,>64,µM,,,,RPMI-1640,5E3,,"Gram+, Gram-, Fungus, Mammalian Cell"
205,GWWKRVFKPVEKLGQRVRDAGIQGLEIAQQGANVLATARGGPPQQ,DBAASPR_18633,Aspergillus fumigatus B42928,IC50,>64,µM,,,,RPMI-1640,5E3,,"Gram+, Gram-, Fungus, Mammalian Cell"
206,GWWKRVFKPVERLGQRVRDAGIQGLQIAQQGANVLATVRGGPPQQ,DBAASPR_18634,Aspergillus fumigatus B42928,IC50,>64,µM,,,,RPMI-1640,5E3,,"Gram+, Gram-, Fungus, Mammalian Cell"
207,SWFKKVFKPVEKVGQRVRDAGIQGVAIAQQGANVLATARGGPPH,DBAASPR_18635,Aspergillus fumigatus B42928,IC50,>64,µM,,,,RPMI-1640,5E3,,"Gram+, Gram-, Fungus, Mammalian Cell"
208,GWWKKVFKPVEKLGQRVRDAGIQGIAIAQQGANVLATVRGGPPQ,DBAASPR_18636,Aspergillus fumigatus B42928,IC50,>64,µM,,,,RPMI-1640,5E3,,"Gram+, Gram-, Fungus, Mammalian Cell"
209,GWWKRVFKPVEKFGQRVRDAGIQGIEIAQQGANVLATARGGPPQQ,DBAASPR_18637,Aspergillus fumigatus B42928,IC50,>64,µM,,,,RPMI-1640,5E3,,"Gram+, Gram-, Fungus, Mammalian Cell"
210,GWWKRVFKPVEKLGQRVRDAGIQGLEIAQQGANVLATVRGGPPQQ,DBAASPR_18638,Aspergillus fumigatus B42928,IC50,>64,µM,,,,RPMI-1640,5E3,,"Gram+, Gram-, Fungus, Mammalian Cell"
211,RWYKKIFKPVEKAVQRVRDGTLQALGVAQQAANVYATAQGAQQQRHA,DBAASPR_18639,Aspergillus fumigatus B42928,IC50,>32,µM,,,,RPMI-1640,5E3,,"Gram+, Gram-, Fungus, Mammalian Cell, Biofilm"
212,RSLWKKIFKPVEKLGQRVRDAGIQGIAIAQQGANVLATVRGGPPQ,DBAASPR_18640,Aspergillus fumigatus B42928,IC50,>64,µM,,,,RPMI-1640,5E3,,"Gram+, Gram-, Fungus, Mammalian Cell"
213,RSLWKKLFKPVERAGQRIRDATIKGIVIAQQGANVLATIRGGPAIPPGQ,DBAASPR_18641,Aspergillus fumigatus B42928,IC50,>32,µM,,,,RPMI-1640,5E3,,"Gram+, Gram-, Fungus, Mammalian Cell"
214,NEPTHLLKAFSKAGFQ,DBAASPR_19019,Aspergillus fumigatus,,NA,,,,,PDB,5E4,Not active up to 200 µM; Bread isolate,"Gram+, Gram-, Fungus, Mammalian Cell"
215,RVCFRPVATYLGVCGVSGACRDHCVKLGSCVYKGPG,DBAASPR_19111,Aspergillus fumigatus Af293,MIC,8,µg/ml,,,,SDB,1E5,,"Fungus, Mammalian Cell"
215,RVCFRPVATYLGVCGVSGACRDHCVKLGSCVYKGPG,DBAASPR_19111,Aspergillus fumigatus Af293,MFC,16,µg/ml,,,,SDA,,,"Fungus, Mammalian Cell"
216,GCVFLLPAKPHNYKKVFLSKGV,DBAASPR_20540,Aspergillus fumigatus CGMCC 3.5835,MIC,24,µM,,,,PDB,2E4,,"Gram+, Gram-, Fungus, Mammalian Cell, Biofilm"
217,ARCCLVMPVPPFACVKFCS,DBAASPR_20587,Aspergillus fumigatus,EC50,>160,µM,,,,MEB,1E5,,"Gram+, Gram-, Cancer, Fungus"
218,ATVXTILCSGGTLXSAGCV,DBAASPR_21129,Aspergillus fumigatus IFO 8866,MIC,>100,µg/ml,,,,YEPD,,,"Gram+, Gram-, Fungus"
219,GSRIWVPGLGPVYEED,DBAASPR_21481,Aspergillus fumigatus,,NA,,,,,YEPD,,In disc diffusion assay,"Gram+, Gram-, Fungus"
220,XVXNXNATXP,DBAASPR_21607,Aspergillus fumigatus BCC020_2845,MIC,37.5,µM,,,,MHB,5E5,MHB with 2% glucose,"Cancer, Fungus"
221,XVXNXNAtXP,DBAASPR_21608,Aspergillus fumigatus BCC020_2845,MIC,2.34,µM,,,,MHB,5E5,MHB with 2% glucose,"Cancer, Fungus"
221,XVXNXNATXP,DBAASPR_21609,Aspergillus fumigatus BCC020_2845,MIC,0.5,µM,,,,MHB,5E5,MHB with 2% glucose,"Cancer, Fungus"
222,ATCYCNNKICVCRR,DBAASPR_22067,Aspergillus fumigatus,,NA,,,,,YEPD,,A. fumigatus YJ-407,"Gram+, Gram-, Fungus"
223,mnPVfPWvAaSA,DBAASPR_22825,Aspergillus fumigatus,,NA,,,,,PDA,,Not active up to 100 µM,"Gram+, Gram-, Cancer, Fungus, Mammalian Cell"
224,xnPVfPWvAaSA,DBAASPR_22826,Aspergillus fumigatus,,NA,,,,,PDA,,Not active up to 100 µM,"Gram+, Gram-, Cancer, Fungus, Mammalian Cell"
224,mnPVfPWvAaSA,DBAASPR_22827,Aspergillus fumigatus,,NA,,,,,PDA,,Not active up to 100 µM,"Gram+, Gram-, Cancer, Fungus, Mammalian Cell"
224,mnPVfPWvAaSA,DBAASPR_22828,Aspergillus fumigatus,,NA,,,,,PDA,,Not active up to 100 µM,"Gram+, Gram-, Cancer, Fungus, Mammalian Cell"
224,mnPVfPWvAaSA,DBAASPR_22829,Aspergillus fumigatus,,NA,,,,,PDA,,Not active up to 100 µM,"Gram+, Gram-, Cancer, Fungus, Mammalian Cell"
224,xnPVfPWvAaSA,DBAASPR_22830,Aspergillus fumigatus,,NA,,,,,PDA,,Not active up to 100 µM,"Gram+, Gram-, Cancer, Fungus, Mammalian Cell"
225,lnPVfPWvAaSA,DBAASPR_22831,Aspergillus fumigatus,,NA,,,,,PDA,,Not active up to 100 µM,"Gram+, Gram-, Cancer, Fungus, Mammalian Cell"
225,mnPVfPWvAaSA,DBAASPR_22832,Aspergillus fumigatus,,NA,,,,,PDA,,Not active up to 100 µM,"Gram+, Gram-, Cancer, Fungus, Mammalian Cell"
225,mnPVfPWvAaSA,DBAASPR_22833,Aspergillus fumigatus,,NA,,,,,PDA,,Not active up to 100 µM,"Gram+, Gram-, Cancer, Fungus, Mammalian Cell"
